{
  "Total" : {
    "transaction" : "Total",
    "sampleCount" : 674,
    "errorCount" : 0,
    "errorPct" : 0.0,
    "meanResTime" : 6564.688427299707,
    "medianResTime" : 608.0,
    "minResTime" : 183.0,
    "maxResTime" : 48100.0,
    "pct1ResTime" : 27100.5,
    "pct2ResTime" : 30490.75,
    "pct3ResTime" : 38976.5,
    "throughput" : 1.1108162851600547,
    "receivedKBytesPerSec" : 22749.79630893074,
    "sentKBytesPerSec" : 0.13776725411653024
  },
  "GET /test-20MB.txt" : {
    "transaction" : "GET /test-20MB.txt",
    "sampleCount" : 674,
    "errorCount" : 0,
    "errorPct" : 0.0,
    "meanResTime" : 6564.688427299707,
    "medianResTime" : 608.0,
    "minResTime" : 183.0,
    "maxResTime" : 48100.0,
    "pct1ResTime" : 27100.5,
    "pct2ResTime" : 30490.75,
    "pct3ResTime" : 38976.5,
    "throughput" : 1.1108162851600547,
    "receivedKBytesPerSec" : 22749.79630893074,
    "sentKBytesPerSec" : 0.13776725411653024
  }
}