{
  "GET /test.php" : {
    "transaction" : "GET /test.php",
    "sampleCount" : 142036,
    "errorCount" : 0,
    "errorPct" : 0.0,
    "meanResTime" : 0.9472809710214436,
    "medianResTime" : 1.0,
    "minResTime" : 0.0,
    "maxResTime" : 76.0,
    "pct1ResTime" : 2.0,
    "pct2ResTime" : 2.0,
    "pct3ResTime" : 2.0,
    "throughput" : 237.12820375836415,
    "receivedKBytesPerSec" : 47.703525365452165,
    "sentKBytesPerSec" : 28.020031889416074
  },
  "Total" : {
    "transaction" : "Total",
    "sampleCount" : 142036,
    "errorCount" : 0,
    "errorPct" : 0.0,
    "meanResTime" : 0.9472809710214436,
    "medianResTime" : 1.0,
    "minResTime" : 0.0,
    "maxResTime" : 76.0,
    "pct1ResTime" : 2.0,
    "pct2ResTime" : 2.0,
    "pct3ResTime" : 2.0,
    "throughput" : 237.12820375836415,
    "receivedKBytesPerSec" : 47.703525365452165,
    "sentKBytesPerSec" : 28.020031889416074
  }
}